timestamp,file_path,yt_link,title
2025-12-09T20:26:56.560107,Processed Shorts\final_Jacqueline_fernandez_hot_1.mp4,https://youtube.com/watch?v=q3S8EWHkFBU,Jacqueline fernandez hot
2025-12-09T20:35:46.189841,Processed Shorts\final_Jacqueline_fernandez_hot_2.mp4,https://youtube.com/watch?v=dZcijrJimxI,Jacqueline fernandez hot
2025-12-11T05:20:35.117695,Processed Shorts\final_Disha_patani_hot_1.mp4,https://youtube.com/watch?v=SnPDo2YfF9s,Disha patani hot
2025-12-13T14:49:53.640795,Processed Shorts\final_Nushrat_hot_2.mp4,https://youtube.com/watch?v=-NeYka3432M,Nushrat hot
2025-12-13T21:39:09.682613,Processed Shorts\final_Shalpz_hot_5.mp4,https://youtube.com/watch?v=Yub1c2eM7TM,Shalpz hot
2025-12-13T22:32:56.349381,Processed Shorts\final_Akanksha_puri_hot_2.mp4,https://youtube.com/watch?v=Ks45mtz1qhs,Akanksha puri hot
2025-12-13T22:36:31.922242,Processed Shorts\final_Disha_patani_hot.mp4,https://youtube.com/watch?v=c6_fOR2qC6E,Disha patani hot
2025-12-14T04:52:13.531034,watch?v=T0E4X7hQ2kU,unknown,LOW,true,approved,default_channel
2025-12-14T05:24:57.593548,watch?v=zHGWxdArFSk,unknown,LOW,true,approved,default_channel
2025-12-15T11:07:25.403888,watch?v=_4utguKw-Z0,unknown,UNKNOWN,true,approved,default_channel
2025-12-15T12:08:51.487910,watch?v=82f8SuiBO3c,unknown,MEDIUM,true,approved,default_channel
2025-12-15T13:34:24.853410,watch?v=63JsBc2_36g,unknown,MEDIUM,true,approved,default_channel
2025-12-15T15:05:52.641016,watch?v=Uc7I66TJw88,unknown,MEDIUM,true,approved,default_channel
2025-12-15T17:15:49.463888,watch?v=DDvoSFaz_yo,unknown,MEDIUM,true,approved,default_channel
2025-12-15T18:16:13.414670,watch?v=6CByvziZZVQ,unknown,MEDIUM,true,approved,default_channel
2025-12-15T18:33:08.016602,watch?v=QpGr95PdL2w,unknown,LOW,true,approved,default_channel
2025-12-15T21:06:10.172570,watch?v=dn2RZ1i7Pqg,unknown,LOW,true,approved,default_channel
2025-12-15T23:40:45.878140,watch?v=K5KItswQbL8,unknown,LOW,true,approved,default_channel
2025-12-16T03:49:43.772202,watch?v=qK3CESDlAbc,unknown,unknown,true,approved,default_channel
2025-12-16T14:41:19.583878,watch?v=YG7YGABx3UA,unknown,LOW,true,approved,default_channel
2025-12-16T15:10:55.729537,watch?v=1XvATMTwb9k,unknown,LOW,true,approved,default_channel
2025-12-16T15:16:44.429411,watch?v=pPF2GXJqfLE,unknown,unknown,true,approved,default_channel
2025-12-16T16:06:09.571097,watch?v=Zv8xAcmZ_tw,unknown,unknown,true,approved,default_channel
2025-12-16T16:23:12.631936,watch?v=R1-xbD2DByA,unknown,unknown,true,approved,default_channel
2025-12-16T21:46:00.472599,watch?v=4JDZD7EUWEc,unknown,LOW,true,approved,default_channel
2025-12-17T07:01:31.546883,watch?v=Kf70SGVKUDs,unknown,LOW,true,approved,default_channel
2025-12-18T13:57:45.688975,watch?v=mD0x27paGnQ,unknown,LOW,true,approved,default_channel
2025-12-18T14:05:57.996105,watch?v=c4Ho_AHUImk,unknown,MEDIUM,true,approved,default_channel
2025-12-18T14:27:05.239750,watch?v=qTiJxBFjmIY,unknown,LOW,true,approved,default_channel
2025-12-18T15:37:37.597896,watch?v=VFRmsXk6Zbw,unknown,unknown,true,approved,default_channel
2025-12-18T16:17:25.839451,watch?v=yfnKF43ksYM,unknown,unknown,true,approved,default_channel
2025-12-19T00:20:10.507963,watch?v=tQivKhCAK7o,unknown,unknown,true,approved,default_channel
2025-12-19T00:50:11.091926,watch?v=Wns5VkDj3mM,unknown,unknown,true,approved,default_channel
2025-12-20T08:14:06.045752,watch?v=L2MDxpsMrdM,unknown,LOW,true,approved,default_channel
2025-12-20T09:04:03.826142,watch?v=6TPy1CxD-V8,unknown,LOW,true,approved,default_channel
2025-12-20T13:20:31.814715,watch?v=K6xKQrokubE,unknown,MEDIUM,true,approved,default_channel
2025-12-20T14:30:52.943160,watch?v=sQJSWZAdb9E,unknown,LOW,true,approved,default_channel
2025-12-20T19:43:19.479304,watch?v=GJEAdF7zxk0,unknown,LOW,true,approved,default_channel
2025-12-20T20:24:11.188276,watch?v=SpMpu3hHFSM,unknown,LOW,true,approved,default_channel
2025-12-20T20:53:59.407210,watch?v=MTyfnH8uvCk,unknown,LOW,true,approved,default_channel
2025-12-21T03:01:31.321201,watch?v=StQEdPvT9_M,unknown,unknown,true,approved,default_channel
2025-12-23T02:56:05.634581,watch?v=37YnHCIWRF8,unknown,LOW,true,approved,default_channel
2025-12-23T17:16:37.069457,watch?v=OnS_WCm43fw,unknown,LOW,true,approved,default_channel
2025-12-23T17:23:43.256941,watch?v=Zrt3dapM46k,unknown,LOW,true,approved,default_channel
2025-12-23T17:27:18.019986,watch?v=Tqa4bM38OoI,unknown,LOW,true,approved,default_channel
2025-12-23T18:23:23.575573,watch?v=oVIwzWS0i3Y,unknown,LOW,true,approved,default_channel
2025-12-26T07:19:23.765420,watch?v=-BIgGpOjqTQ,unknown,LOW,true,approved,default_channel
2025-12-26T09:06:53.805802,watch?v=tub0iWUGv3Y,unknown,LOW,true,approved,default_channel
2025-12-26T09:11:56.808180,watch?v=knoDTKjpHRA,unknown,unknown,true,approved,default_channel
2025-12-26T12:14:16.775112,watch?v=AzcAMphG50Y,unknown,LOW,true,approved,default_channel
2025-12-26T12:26:37.320408,watch?v=19Nmxs4HNdE,unknown,LOW,true,approved,default_channel
2025-12-26T17:32:33.212030,watch?v=HV2wIwpcvv4,unknown,LOW,true,approved,default_channel
2025-12-26T17:43:27.487555,watch?v=IUL8Lbh1vjk,unknown,LOW,true,approved,default_channel
2025-12-26T18:36:12.709189,watch?v=SlulVPUOV-w,unknown,LOW,true,approved,default_channel
2025-12-26T20:15:49.813886,watch?v=MFTMtb4o-yU,unknown,LOW,true,approved,default_channel
2025-12-26T20:32:11.366559,watch?v=inEOAx-lK6Y,unknown,unknown,true,approved,default_channel
2025-12-27T10:57:51.510341,watch?v=NsgOWU7S8Jc,unknown,unknown,true,approved,default_channel
2025-12-27T11:29:18.780982,watch?v=tOAHfxMwoZw,unknown,unknown,true,approved,default_channel
2025-12-28T06:10:26.182930,watch?v=AsuYe-QAggw,unknown,LOW,true,approved,default_channel
2025-12-28T17:12:19.165313,watch?v=ZiRO52-6HYQ,unknown,LOW,true,approved,default_channel
2025-12-28T17:17:59.646709,watch?v=VWgiSpW80is,unknown,unknown,true,approved,default_channel
2025-12-28T21:24:38.388148,watch?v=oiUyBTNAQvk,unknown,unknown,true,approved,default_channel
2025-12-28T21:58:25.665533,watch?v=3A4Azc82DT4,unknown,unknown,true,approved,default_channel
2025-12-30T06:48:55.737601,watch?v=PlO1Assg-jY,unknown,LOW,true,approved,default_channel
2025-12-30T06:55:40.405791,watch?v=8-5qnLRUETE,unknown,LOW,true,approved,default_channel
2025-12-30T07:01:59.275065,watch?v=fqT_wlUtQM0,unknown,LOW,true,approved,default_channel
2025-12-30T07:43:47.749663,watch?v=DGMkk1RxoOE,unknown,unknown,true,approved,default_channel
2026-01-01T11:53:28.028750,watch?v=CpacO5pJkQE,unknown,LOW,true,approved,default_channel
2026-01-01T12:20:21.469375,watch?v=_ZCtVZOpiIE,unknown,LOW,true,approved,default_channel
2026-01-01T13:36:44.859517,watch?v=yP552EdUBl4,unknown,LOW,true,approved,default_channel
2026-01-01T15:00:13.641762,watch?v=BvheIXhf-88,unknown,LOW,true,approved,default_channel
2026-01-01T15:12:25.526258,watch?v=dFBj09Lm0ys,unknown,LOW,true,approved,default_channel
2026-01-01T20:29:47.952201,watch?v=MTezMJAVs3k,unknown,LOW,true,approved,default_channel
2026-01-01T20:47:02.759945,watch?v=3aNQsslyLAQ,unknown,unknown,true,approved,default_channel
2026-01-01T22:09:55.393864,watch?v=MesVSHHkVC4,unknown,LOW,true,approved,default_channel
2026-01-01T23:00:21.504165,watch?v=OK6EJLGM1AE,unknown,unknown,true,approved,default_channel
2026-01-05T15:23:45.319477,watch?v=R-suW7f0C70,unknown,LOW,true,approved,default_channel
2026-01-06T18:41:11.793307,watch?v=_CqvaQZ3pUg,unknown,LOW,true,approved,default_channel
2026-01-07T18:55:04.383223,watch?v=yEeN2YrgOzE,unknown,LOW,true,approved,default_channel
2026-01-10T16:44:54.281192,watch?v=MNcdDj4PVxk,unknown,LOW,true,approved,default_channel
2026-01-12T19:41:30.832430,watch?v=Jb7aDPz2eRk,unknown,LOW,true,approved,default_channel
2026-01-12T19:48:21.191482,watch?v=jxkZYzrqyas,unknown,LOW,true,approved,default_channel
2026-01-12T19:57:19.473736,watch?v=ORdGO72A9MY,unknown,LOW,true,approved,default_channel
2026-01-12T20:08:27.342943,watch?v=t3uQE1hSu5c,unknown,LOW,true,approved,default_channel
2026-01-12T20:38:00.871014,watch?v=Lr2g5le2SFk,unknown,unknown,true,approved,default_channel
2026-01-13T13:57:36.298932,watch?v=N2lCR8ZT7Gk,unknown,LOW,true,approved,default_channel
2026-01-13T15:25:24.791631,watch?v=1jrLPFMDabM,unknown,LOW,true,approved,default_channel
2026-01-13T15:30:18.806367,watch?v=FelXZtMZYS4,unknown,LOW,true,approved,default_channel
2026-01-13T17:04:31.721003,watch?v=qPvA0_ekf_U,unknown,unknown,true,approved,default_channel
2026-01-13T17:53:48.010334,watch?v=zPPxOsIJlvg,unknown,LOW,true,approved,default_channel
2026-01-13T21:21:41.299156,watch?v=QlyLdmOozd0,unknown,LOW,true,approved,default_channel
2026-01-13T21:42:10.091798,watch?v=z-Y1pxNV3D0,unknown,LOW,true,approved,default_channel
2026-01-13T21:47:39.872720,watch?v=FLFCw68I5_U,unknown,LOW,true,approved,default_channel
2026-01-13T21:58:33.874924,watch?v=jwIMm9Kq3ec,unknown,LOW,true,approved,default_channel
2026-01-13T22:09:13.094591,watch?v=QFOAy93-isU,unknown,LOW,true,approved,default_channel
2026-01-13T22:24:26.141200,watch?v=BfiZh83C9Fs,unknown,LOW,true,approved,default_channel
2026-01-14T03:56:56.386732,watch?v=FDZGAMi-DlI,unknown,LOW,true,approved,default_channel
2026-01-14T05:12:51.006232,watch?v=p33IFca7pIo,unknown,LOW,true,approved,default_channel
2026-01-14T05:33:45.242068,watch?v=Gz8_FJYbWcU,unknown,LOW,true,approved,default_channel
2026-01-15T01:51:15.230368,watch?v=Nj71WzKWEL4,unknown,LOW,true,approved,default_channel
2026-01-15T02:38:36.911370,watch?v=GeOoUkdy1Bk,unknown,unknown,true,approved,default_channel
2026-01-15T16:12:53.094712,watch?v=9RZJjQyNYnM,unknown,LOW,true,approved,default_channel
2026-01-16T22:42:03.978343,watch?v=B0URvlPwY9Y,unknown,LOW,true,approved,default_channel
2026-01-16T22:57:31.241845,watch?v=uC11A9fw1Cw,unknown,LOW,true,approved,default_channel
2026-01-16T23:46:58.512604,watch?v=D8KmsAVDEvg,unknown,LOW,true,approved,default_channel
2026-01-17T16:02:59.828574,watch?v=gqNqYshmCf4,unknown,LOW,true,approved,default_channel
2026-01-17T17:46:31.216783,watch?v=OoOP7y3WmL0,unknown,LOW,true,approved,default_channel
2026-01-17T19:36:27.083383,watch?v=2vSjGrWmem4,unknown,LOW,true,approved,default_channel
2026-01-17T20:13:43.556692,watch?v=cwF4dngWPsc,unknown,LOW,true,approved,default_channel
2026-01-17T23:51:07.518716,watch?v=N4OUevsGLKE,unknown,unknown,true,approved,default_channel
2026-01-18T00:21:41.593443,watch?v=dKjxVjbhXmI,unknown,unknown,true,approved,default_channel
2026-01-18T00:50:59.501917,watch?v=Uh6sYzOA8p4,unknown,unknown,true,approved,default_channel
2026-01-18T01:23:33.878883,watch?v=Fuq191mxDYY,unknown,unknown,true,approved,default_channel
2026-01-18T03:04:58.167787,watch?v=vC7c86aKfMs,unknown,unknown,true,approved,default_channel
2026-01-18T07:41:36.183762,watch?v=6AJUa1hOAZY,unknown,unknown,true,approved,default_channel
2026-01-19T11:15:34.266665,watch?v=D3LKcFhayug,unknown,unknown,true,approved,default_channel
2026-01-20T05:16:41.500045,watch?v=HLIekgpTPms,unknown,LOW,true,approved,default_channel
2026-01-20T18:33:43.263854,watch?v=5dTnW-K68co,unknown,LOW,true,approved,default_channel
2026-01-21T05:25:26.282103,watch?v=_bwmkLnFDN8,unknown,unknown,true,approved,default_channel
2026-01-21T07:52:20.931851,watch?v=Juz8PkWbsGk,unknown,unknown,true,approved,default_channel
2026-01-21T18:40:51.617896,watch?v=PnFt_CL-4uQ,unknown,LOW,true,approved,default_channel
2026-01-21T19:07:12.935182,watch?v=L5PR8JdshT0,unknown,LOW,true,approved,default_channel
2026-01-25T09:06:32.581928,watch?v=9tmrRU2mfIk,unknown,LOW,true,approved,default_channel
2026-01-25T14:24:40.560923,watch?v=RYylQtPHtY0,unknown,LOW,true,approved,default_channel
2026-01-25T14:34:21.479785,watch?v=IzZHzixQBco,unknown,LOW,true,approved,default_channel
2026-01-25T16:02:08.250762,watch?v=iVZy7DlFc14,unknown,LOW,true,approved,default_channel
2026-01-25T16:41:42.528167,watch?v=sKNI1WKkjuU,unknown,LOW,true,approved,default_channel
2026-01-25T17:21:34.026044,watch?v=Ejlg7QUI1dI,unknown,unknown,true,approved,default_channel
2026-01-25T18:58:46.963381,watch?v=9SdSP_5xo4U,unknown,LOW,true,approved,default_channel
2026-01-27T01:56:09.208007,watch?v=u6D0RpI3k2I,unknown,LOW,true,approved,default_channel
2026-01-27T02:44:44.847877,watch?v=K4gtkHB5Nys,unknown,LOW,true,approved,default_channel
2026-01-28T20:07:37.106463,watch?v=RLApWFsayq4,unknown,LOW,true,approved,default_channel
2026-01-28T20:19:24.730029,watch?v=CEpqrlLPeQU,unknown,LOW,true,approved,default_channel
2026-01-28T20:33:50.087633,watch?v=0DLr7gKB9T8,unknown,LOW,true,approved,default_channel
2026-01-28T21:49:22.599635,watch?v=8yejMX-ZqRI,unknown,LOW,true,approved,default_channel
2026-01-29T05:48:44.112502,watch?v=qHCBwYifKco,unknown,LOW,true,approved,default_channel
2026-01-29T08:38:39.106897,watch?v=9ZDma5dHops,unknown,LOW,true,approved,default_channel
2026-01-30T18:34:22.034588,watch?v=pg248JS1-J0,unknown,unknown,true,approved,default_channel
2026-01-30T21:52:25.483908,watch?v=aCT_k63G3cE,unknown,LOW,true,approved,default_channel
2026-02-01T12:02:11.614608,watch?v=rJIfEAIY_Q8,unknown,LOW,true,approved,default_channel
2026-02-01T13:57:05.602288,watch?v=2CvyXLC8frU,unknown,LOW,true,approved,default_channel
2026-02-01T18:08:56.725829,watch?v=AdlGxvPCNqQ,unknown,LOW,true,approved,default_channel
2026-02-01T18:29:43.304797,watch?v=W5BQv4fU080,unknown,LOW,true,approved,default_channel
2026-02-01T19:39:45.057965,watch?v=AX6h7mboaKA,unknown,LOW,true,approved,default_channel
2026-02-02T00:02:30.797564,watch?v=Tdj_SOH1cOc,unknown,LOW,true,approved,default_channel
2026-02-02T01:29:36.844960,watch?v=E964_FCZjI4,unknown,LOW,true,approved,default_channel
2026-02-02T02:57:05.819802,watch?v=OKo_VEfozPs,unknown,LOW,true,approved,default_channel
2026-02-02T03:12:09.068199,watch?v=P9pcb0wKJ_Q,unknown,LOW,true,approved,default_channel
2026-02-02T03:23:05.070811,watch?v=HbvWLNVa48I,unknown,LOW,true,approved,default_channel
2026-02-02T05:03:22.645758,watch?v=9keg0yl1_4s,unknown,LOW,true,approved,default_channel
2026-02-02T05:41:39.463182,watch?v=DEUQ27UxYYs,unknown,LOW,true,approved,default_channel
2026-02-02T18:25:56.670614,watch?v=jBGMDWjdLTY,unknown,LOW,true,approved,default_channel
2026-02-02T21:30:12.659648,watch?v=abXLinUeWAU,unknown,LOW,true,approved,default_channel
2026-02-02T21:58:32.799530,watch?v=Ovz29q6raJ8,unknown,LOW,true,approved,default_channel
2026-02-03T11:52:21.066049,watch?v=RvbNImTT7GM,unknown,LOW,true,approved,default_channel
2026-02-03T12:12:44.192226,watch?v=UqGvYcWTEhs,unknown,LOW,true,approved,default_channel
2026-02-03T18:18:06.050013,watch?v=N8SjmLMgu9g,unknown,LOW,true,approved,default_channel
2026-02-04T13:56:32.395357,watch?v=wDt9MJQgNGI,unknown,LOW,true,approved,default_channel
2026-02-04T14:08:17.502540,watch?v=SKvQBO7b29k,unknown,LOW,true,approved,default_channel
2026-02-04T14:25:45.543382,watch?v=GDz7KygZSvo,unknown,LOW,true,approved,default_channel
2026-02-04T14:58:35.901532,watch?v=4lTX_eOktCA,unknown,LOW,true,approved,default_channel
2026-02-06T10:01:57.456747,watch?v=9a96nZW888c,unknown,MEDIUM,true,approved,default_channel
2026-02-06T10:25:27.174957,watch?v=mQ9tlLUdPaU,unknown,LOW,true,approved,default_channel
2026-02-08T19:26:14.299407,watch?v=v3SY8uawM9Y,unknown,LOW,true,approved,default_channel
2026-02-08T19:45:13.435178,watch?v=o8BPyepBkU0,unknown,MEDIUM,true,approved,default_channel
2026-02-08T23:15:12.946039,watch?v=hXJk4uMSKWU,unknown,unknown,true,approved,default_channel
2026-02-12T03:08:05.911700,watch?v=FgDLxwJbSPg,unknown,LOW,true,approved,default_channel
2026-02-12T03:21:10.764416,watch?v=q25pWFQbjH4,unknown,MEDIUM,true,approved,default_channel
2026-02-12T03:48:08.194486,watch?v=-FkJCnnrh6c,unknown,HIGH,true,approved,default_channel
2026-02-12T05:50:05.972470,watch?v=1YuUV3FHgAs,unknown,LOW,true,approved,default_channel
2026-02-18T13:49:31.472092,watch?v=0tBSnca9pNI,unknown,LOW,true,approved,default_channel
2026-02-18T15:20:31.217639,watch?v=zthcqAt00M4,unknown,LOW,true,approved,default_channel
2026-02-23T18:21:03.023360,watch?v=YwX6YhE9LHA,unknown,UNKNOWN,true,approved,default_channel
2026-02-23T19:24:19.540976,watch?v=Po3LnSQ3fGQ,unknown,UNKNOWN,true,approved,default_channel
2026-02-28T22:17:23.855336,watch?v=0lbUbGcwLPw,unknown,UNKNOWN,true,approved,default_channel
2026-03-01T14:31:05.083264,watch?v=9rIv55xeFjU,unknown,UNKNOWN,true,approved,default_channel
2026-03-01T15:16:08.400801,watch?v=vW0PQrel7Sk,unknown,UNKNOWN,true,approved,default_channel
2026-03-01T16:43:17.014830,watch?v=kThgJ4vJTQM,unknown,UNKNOWN,true,approved,default_channel
2026-03-01T19:08:22.613864,watch?v=AlXbL4aZ0io,unknown,UNKNOWN,true,approved,default_channel
2026-03-01T21:48:19.374221,watch?v=No9xxZ1f-0k,unknown,LOW,true,approved,default_channel
2026-03-02T18:59:27.941810,watch?v=2xx4gYoAfx8,unknown,LOW,true,approved,default_channel
2026-03-02T19:36:02.177400,watch?v=Dh9Gy1hO7ek,unknown,LOW,true,approved,default_channel
2026-03-04T12:23:40.030394,watch?v=jfPSBefEy74,unknown,LOW,true,approved,default_channel
2026-03-04T20:18:54.570575,watch?v=vRKPVw22L24,unknown,HIGH,true,approved,default_channel
2026-03-06T18:07:11.042499,watch?v=wsdCYxyKaJg,unknown,UNKNOWN,true,approved,default_channel
2026-03-11T14:37:06.552361,watch?v=X0serOH-LqM,unknown,UNKNOWN,true,approved,default_channel
2026-03-11T17:34:44.367508,watch?v=Nj8ES6ot__4,unknown,UNKNOWN,true,approved,default_channel
2026-03-11T17:48:21.629964,watch?v=KjmifsgRFLE,unknown,UNKNOWN,true,approved,default_channel
2026-03-11T22:06:57.329476,watch?v=TO08PjMMOss,unknown,UNKNOWN,true,approved,default_channel
2026-03-12T03:21:39.331920,watch?v=Wp51A88jObI,unknown,UNKNOWN,true,approved,default_channel
2026-03-14T05:34:16.074204,watch?v=RPtYp1Uc_AE,unknown,UNKNOWN,true,approved,default_channel
2026-03-15T05:40:08.429359,watch?v=LgjinfohBqs,unknown,UNKNOWN,true,approved,default_channel
2026-03-16T04:18:55.941967,watch?v=ZvAA1CAvIew,unknown,UNKNOWN,true,approved,default_channel
2026-03-16T06:35:03.062059,watch?v=YoXF2rKOqM4,unknown,UNKNOWN,true,approved,default_channel
2026-03-18T19:55:04.501788,watch?v=LZvdLWzKVOA,unknown,UNKNOWN,true,approved,default_channel
2026-03-18T20:56:36.953707,watch?v=9wOKRn_wmck,unknown,UNKNOWN,true,approved,default_channel
2026-03-18T22:05:28.186095,watch?v=n2jb3OmMrII,unknown,UNKNOWN,true,approved,default_channel
2026-03-20T21:48:52.409745,watch?v=JQBmGVBvmto,unknown,UNKNOWN,true,approved,default_channel
2026-03-20T23:12:15.112888,watch?v=wRfk_fmmaio,unknown,unknown,true,approved,default_channel
2026-03-21T02:27:48.625896,watch?v=B2Pj3nVoqkM,unknown,UNKNOWN,true,approved,default_channel
2026-03-21T05:02:24.900961,watch?v=fUtUhEy6pBk,unknown,UNKNOWN,true,approved,default_channel
2026-03-21T08:04:35.772532,watch?v=oNqoCkvRRxo,unknown,UNKNOWN,true,approved,default_channel
2026-03-22T02:14:14.210582,watch?v=mOD03K2z52U,unknown,UNKNOWN,true,approved,default_channel
2026-03-22T05:40:28.019382,watch?v=lRVFQDwhXic,unknown,UNKNOWN,true,approved,default_channel
2026-03-23T06:43:20.539232,watch?v=_iRUc5IUQXc,unknown,UNKNOWN,true,approved,default_channel
2026-03-23T22:39:08.597165,watch?v=Q79TrDsEll0,unknown,UNKNOWN,true,approved,default_channel
2026-03-24T06:52:43.676904,watch?v=xbHWEoWzDsQ,unknown,UNKNOWN,true,approved,default_channel
2026-03-24T20:33:04.627730,watch?v=e4qBNKp4-ek,unknown,unknown,true,approved,default_channel
2026-03-28T02:42:33.645704,watch?v=VaX7OHd3ruA,unknown,UNKNOWN,true,approved,default_channel
2026-03-28T03:02:04.530740,watch?v=OkoC0u8FNRs,unknown,UNKNOWN,true,approved,default_channel
2026-03-28T03:37:35.190765,watch?v=XZ-CKUOhyl8,unknown,UNKNOWN,true,approved,default_channel
2026-03-28T05:43:45.464777,watch?v=OyY-0DQUJhs,unknown,UNKNOWN,true,approved,default_channel
2026-03-28T05:56:55.042105,watch?v=lM9ca3tUd4M,unknown,UNKNOWN,true,approved,default_channel
2026-03-28T06:20:20.400571,watch?v=HSKSwTAcOn4,unknown,UNKNOWN,true,approved,default_channel
2026-03-28T18:58:32.125509,watch?v=k5C2SqSlVWA,unknown,UNKNOWN,true,approved,default_channel
2026-03-28T19:05:59.589580,watch?v=Q4XQAN2FtS0,unknown,UNKNOWN,true,approved,default_channel
2026-03-28T19:12:32.034027,watch?v=KXrSvNJwjvg,unknown,UNKNOWN,true,approved,default_channel
2026-03-28T19:52:08.319211,watch?v=pgPrmWT41FE,unknown,UNKNOWN,true,approved,default_channel
2026-03-29T21:49:07.844484,watch?v=3T23bSP7Qw8,unknown,UNKNOWN,true,approved,default_channel
2026-03-30T05:29:42.286890,watch?v=f5uTJEkQBww,unknown,UNKNOWN,true,approved,default_channel
2026-03-30T05:30:39.997524,watch?v=ldo0d62nKog,unknown,unknown,true,approved,default_channel
2026-03-30T05:44:32.833692,watch?v=fc5Cn-PSl5I,unknown,UNKNOWN,true,approved,default_channel
2026-03-30T23:36:39.141875,watch?v=yQa-R1XD0X4,unknown,UNKNOWN,true,approved,default_channel
2026-03-31T04:18:30.286373,watch?v=kL_znloBpQY,unknown,UNKNOWN,true,approved,default_channel
2026-03-31T07:27:25.085710,watch?v=dad94EVbdxE,unknown,UNKNOWN,true,approved,default_channel
2026-03-31T08:31:49.273492,watch?v=W9-qdmvuAyA,unknown,UNKNOWN,true,approved,default_channel
2026-03-31T11:25:59.069360,watch?v=kXOY7lTW9Oo,unknown,UNKNOWN,true,approved,default_channel
2026-04-01T00:00:35.287026,watch?v=4l145WG6wIw,unknown,UNKNOWN,true,approved,default_channel
2026-04-01T00:46:16.224368,watch?v=B4fYmeGr-ug,unknown,UNKNOWN,true,approved,default_channel
2026-04-01T04:32:53.259852,watch?v=9suQuNzzYNo,unknown,UNKNOWN,true,approved,default_channel,https://amzn.to/4tmA6rj
2026-04-01T07:47:54.523774,watch?v=jwbn_Sg2_20,unknown,UNKNOWN,true,approved,default_channel,https://amzn.to/4c0qiML
2026-04-01T08:35:28.368529,watch?v=rDexCft859Y,unknown,UNKNOWN,true,approved,default_channel,none
2026-04-01T09:21:34.327031,watch?v=N_HY88_ZJuo,unknown,UNKNOWN,true,approved,default_channel,https://amzn.to/4tmA6rj
2026-04-03T01:36:19.149474,watch?v=ocVW66Y9FtY,unknown,UNKNOWN,true,approved,default_channel,none
2026-04-03T05:26:44.026809,watch?v=iSGN-svo1bQ,unknown,UNKNOWN,true,approved,default_channel,https://amzn.to/47EbB0v
2026-04-08T21:04:41.682261,watch?v=5SLReHwPyqg,unknown,UNKNOWN,true,approved,default_channel,https://amzn.to/4siN0pv
2026-04-08T22:35:41.671447,watch?v=QQHuFsP6kbc,unknown,UNKNOWN,true,approved,default_channel,https://amzn.to/4dCz06k
2026-04-08T23:40:43.060836,watch?v=gqGso6sQnPc,unknown,UNKNOWN,true,approved,default_channel,https://amzn.to/4cdJs1H
2026-04-14T18:30:48.649987,watch?v=kUDb0zSaXmk,unknown,UNKNOWN,true,approved,default_channel,none
2026-04-14T18:57:40.664393,watch?v=Y0OFgVyuono,unknown,UNKNOWN,true,approved,default_channel,none
2026-04-14T19:19:26.467535,watch?v=mzKZfkFpaVQ,unknown,unknown,true,approved,default_channel,none
2026-04-14T21:15:51.056107,watch?v=Ax1NqEa_iaY,unknown,unknown,true,approved,default_channel,none
2026-04-14T21:19:22.030470,watch?v=bva-BEphRGc,unknown,unknown,true,approved,default_channel,none
2026-04-14T21:44:36.504506,watch?v=-QpLv9G0Jdw,unknown,unknown,true,approved,default_channel,none
2026-04-15T12:31:45.606489,watch?v=lHZqmvx7_P4,unknown,UNKNOWN,true,approved,default_channel,none
2026-04-15T13:00:48.817198,watch?v=oMduLXak_3I,unknown,UNKNOWN,true,approved,default_channel,https://amzn.to/4swgxfh
2026-04-15T20:53:23.144869,watch?v=sdK4KepKw04,unknown,UNKNOWN,true,approved,default_channel,https://amzn.to/4cnt1zS
2026-04-15T21:08:44.164463,watch?v=IzaSa8uM8b4,unknown,UNKNOWN,true,approved,default_channel,https://amzn.to/3QgaQoo
2026-04-16T06:05:51.182398,watch?v=phVph4PCXfA,unknown,UNKNOWN,true,approved,default_channel,https://amzn.to/4mAt3cz
2026-04-16T06:52:25.511827,watch?v=t0Jk-LBFMvU,unknown,UNKNOWN,true,approved,default_channel,https://amzn.to/4cNS00w
2026-04-16T07:18:25.956399,watch?v=jJAKrn6NDV8,unknown,UNKNOWN,true,approved,default_channel,https://amzn.to/3Oiu9Nj
2026-04-18T10:15:54.967057,watch?v=f_Y_RBtkQBs,unknown,UNKNOWN,true,approved,default_channel,https://amzn.to/41KkVMT
2026-04-18T10:50:54.168592,watch?v=KkXgU4VpLhA,unknown,UNKNOWN,true,approved,default_channel,https://amzn.to/4tegN3K
2026-04-18T11:13:33.266299,watch?v=q0UTOvy3tX8,unknown,UNKNOWN,true,approved,default_channel,https://amzn.to/4mD1Y8w
2026-04-18T12:23:07.539138,watch?v=g4E_vrQWUAk,unknown,UNKNOWN,true,approved,default_channel,https://amzn.to/4dW48xK
2026-04-18T13:10:14.815072,watch?v=aIG0Ssx8y_s,unknown,UNKNOWN,true,approved,default_channel,https://amzn.to/4cDfOmR
2026-04-18T14:54:53.507772,watch?v=l2sJlAlPjZw,unknown,UNKNOWN,true,approved,default_channel,https://amzn.to/4cvYgc3
2026-04-18T20:20:01.523609,watch?v=ky2qyG81L8g,unknown,UNKNOWN,true,approved,default_channel,none
2026-04-18T21:32:20.116389,watch?v=yJYV4iZSuRw,unknown,UNKNOWN,true,approved,default_channel,https://amzn.to/4tgR2jh
2026-04-19T14:09:51.561256,watch?v=Iq8LAxe52SU,unknown,UNKNOWN,true,approved,default_channel,none
2026-04-19T17:22:35.994151,watch?v=r8u8h7qSU3E,unknown,UNKNOWN,true,approved,default_channel,https://amzn.to/4cujBTi
2026-04-20T00:19:13.664014,watch?v=PKiA5sdIoyY,unknown,UNKNOWN,true,approved,default_channel,https://amzn.to/3ODIP9I
2026-04-20T03:38:42.213471,watch?v=4dy7j48El_Y,unknown,UNKNOWN,true,approved,default_channel,https://amzn.to/4vGuY3i
2026-04-20T09:47:46.643365,watch?v=XzabSX3EKGI,unknown,UNKNOWN,true,approved,default_channel,https://amzn.to/4sHU4Mg
2026-04-20T10:03:04.229883,watch?v=uAZGX3JRSG0,unknown,UNKNOWN,true,approved,default_channel,https://amzn.to/4cUfZv7
2026-04-20T13:24:36.228727,watch?v=3zpwW_al9g8,unknown,UNKNOWN,true,approved,default_channel,https://amzn.to/4cVxUl2
2026-04-21T08:50:16.910166,watch?v=68IvnmBlMDU,unknown,UNKNOWN,true,approved,default_channel,https://amzn.to/4cXhxEA
2026-04-22T06:04:27.647098,watch?v=snz6tmosWz4,unknown,UNKNOWN,true,approved,default_channel,https://amzn.to/3OUTDAz
2026-04-22T06:56:25.602396,watch?v=dsL0qeUHomU,unknown,UNKNOWN,true,approved,default_channel,https://amzn.to/4tVhPSa
2026-04-22T09:59:34.124109,watch?v=vRjrY_d7LX8,unknown,UNKNOWN,true,approved,default_channel,https://amzn.to/41Q6g2N
2026-04-23T00:13:26.217673,watch?v=GjwiWkqIqMw,unknown,UNKNOWN,true,approved,default_channel,https://amzn.to/4tltr0W
2026-04-23T09:34:13.088838,watch?v=4Vkjhm_0qqE,unknown,UNKNOWN,true,approved,default_channel,https://amzn.to/4sUxOyR
2026-04-23T11:11:10.544696,watch?v=sFq1tW9k9Ak,unknown,UNKNOWN,true,approved,default_channel,https://www.amazon.in/dp/B08Z2Z87RR/ref=cm_sw_r_as_gl_apa_gl_i_DA0TBH92NXEMRXEYN764?linkCode=ml1&tag=swargawasal-21&linkId=1fd9e5942795628f141ef159d1c8ef39
2026-04-23T15:36:47.580396,watch?v=gHD-tBiMy6I,unknown,UNKNOWN,true,approved,default_channel,https://amzn.to/4vLecjt
2026-04-24T01:28:02.723579,watch?v=FRAzy9F8-tA,unknown,UNKNOWN,true,approved,default_channel,none
2026-04-24T12:10:29.394201,watch?v=OV1TQZdf0qQ,unknown,unknown,true,approved,default_channel,none
2026-04-24T20:39:03.309428,watch?v=KcqZD-SOg78,unknown,unknown,true,approved,default_channel,none
2026-04-24T23:00:50.557788,watch?v=uHnJCyDyDoQ,unknown,UNKNOWN,true,approved,default_channel,https://amzn.to/4sVRF0L
2026-04-25T20:04:06.916338,watch?v=6x5SavvIwys,unknown,UNKNOWN,true,approved,default_channel,https://amzn.to/4vPVlDV
2026-04-27T17:32:23.151776,watch?v=lKB_NlI7qeQ,unknown,UNKNOWN,true,approved,default_channel,https://amzn.to/4cR46oL
2026-04-27T17:57:09.137507,watch?v=t1MACcow0Mw,unknown,unknown,true,approved,default_channel,none
2026-04-27T19:42:28.920204,watch?v=weythmJACGg,unknown,unknown,true,approved,default_channel,none
2026-04-27T23:32:09.716926,watch?v=h049xaRl5oA,unknown,unknown,true,approved,default_channel,none
2026-04-28T12:36:16.527983,watch?v=2W5U--PXCEs,unknown,unknown,true,approved,default_channel,none
2026-04-28T23:11:33.007849,watch?v=JKqhgXzXfs8,unknown,UNKNOWN,true,approved,default_channel,https://amzn.to/4ebPCC4
2026-04-29T12:14:15.491716,watch?v=AiMJOcVyYZI,unknown,UNKNOWN,true,approved,default_channel,https://amzn.to/4tB6xmh
2026-04-29T13:41:51.486911,watch?v=xTg5OQOQnM8,unknown,UNKNOWN,true,approved,default_channel,https://amzn.to/4eijNrf
2026-04-29T18:26:24.041912,watch?v=W3BsKKTjuR8,unknown,UNKNOWN,true,approved,default_channel,https://amzn.to/3Pb7936
2026-04-29T19:25:26.197607,watch?v=pJ5gqe7ZuNQ,unknown,UNKNOWN,true,approved,default_channel,https://amzn.to/4eSlBYd
2026-04-29T20:31:42.240339,watch?v=f5xJ_rU7A38,unknown,UNKNOWN,true,approved,default_channel,none
2026-04-29T21:05:23.599503,watch?v=qoD1NMSq2fg,unknown,UNKNOWN,true,approved,default_channel,https://amzn.to/4eSlBYd
2026-04-30T11:38:00.710007,watch?v=vs2LehMz6EA,unknown,unknown,true,approved,default_channel,none
2026-04-30T15:48:31.091945,watch?v=wBZAsDrfM-0,unknown,UNKNOWN,true,approved,default_channel,https://amzn.to/4cRoWnS
2026-04-30T19:36:30.340861,watch?v=AVdghI18SxY,unknown,UNKNOWN,true,approved,default_channel,https://amzn.to/4di1ZLO
2026-04-30T20:37:03.787757,watch?v=6lAJODeGE9Y,unknown,UNKNOWN,true,approved,default_channel,https://amzn.to/3OEarvH
2026-04-30T20:51:28.578986,watch?v=kEetnEPplW4,unknown,unknown,true,approved,default_channel,none
2026-04-30T21:41:41.179106,watch?v=8rdSZKr1Ayw,unknown,UNKNOWN,true,approved,default_channel,https://amzn.to/49nPWdB
2026-04-30T22:37:00.661078,watch?v=RWjQnpotz_Y,unknown,UNKNOWN,true,approved,default_channel,none
2026-04-30T23:23:50.260558,watch?v=gB5gf-eQA7w,unknown,UNKNOWN,true,approved,default_channel,https://amzn.to/42GoS5C
2026-05-01T11:17:41.448117,watch?v=aomGCbRxk-U,unknown,UNKNOWN,true,approved,default_channel,https://amzn.to/4w8jea4
2026-05-01T11:40:13.657492,watch?v=EZPCd5svEW4,unknown,unknown,true,approved,default_channel,none
2026-05-02T00:39:46.157989,watch?v=DkFf6zx0IZE,unknown,UNKNOWN,true,approved,default_channel,https://amzn.to/4t9pI5K
2026-05-02T02:25:38.661673,watch?v=Y_2RdPCJ2UI,unknown,UNKNOWN,true,approved,default_channel,https://amzn.to/4envCwu
2026-05-02T18:55:43.999063,watch?v=SodLzOyiQeg,unknown,UNKNOWN,true,approved,default_channel,https://amzn.to/495iTLi
2026-05-02T20:28:23.486038,watch?v=dkLUf51uFBU,unknown,UNKNOWN,true,approved,default_channel,https://amzn.to/3P109G2
2026-05-02T21:38:43.173864,watch?v=rZJlcvtmPtc,unknown,UNKNOWN,true,approved,default_channel,https://amzn.to/3QIFK9f
2026-05-03T21:43:25.683902,watch?v=-LEA6Exd7KY,unknown,UNKNOWN,true,approved,default_channel,https://amzn.to/4wpMdX9
2026-05-03T23:12:28.118487,watch?v=SHl61XckzME,unknown,unknown,true,approved,default_channel,none
2026-05-03T23:40:38.155215,watch?v=t-iysv397I4,unknown,UNKNOWN,true,approved,default_channel,https://amzn.to/48yDpnu
2026-05-04T00:04:53.268385,watch?v=ti_bwr4HP2g,unknown,UNKNOWN,true,approved,default_channel,https://amzn.to/4ul6o6p
2026-05-04T00:19:11.929212,watch?v=7usIl3827AA,unknown,UNKNOWN,true,approved,default_channel,https://amzn.to/4t8ELg9
2026-05-04T00:54:10.123085,watch?v=VJbSNeM8BNQ,unknown,UNKNOWN,true,approved,default_channel,https://amzn.to/4t5Z4up
2026-05-04T01:24:22.090890,watch?v=HnwGATyxSMU,unknown,UNKNOWN,true,approved,default_channel,https://amzn.to/428r2eb
2026-05-04T14:20:59.367340,watch?v=Ggcc_nfa_aE,unknown,unknown,true,approved,default_channel,none
2026-05-05T20:27:29.323628,watch?v=aJL9p_eDmL8,unknown,UNKNOWN,true,approved,default_channel,https://amzn.to/4teTE0o
2026-05-06T00:18:31.106969,watch?v=TdEbYjMNKiw,unknown,UNKNOWN,true,approved,default_channel,https://amzn.to/4uzUkyC
2026-05-08T21:44:21.533508,watch?v=Oy-PbHdB5nw,unknown,UNKNOWN,true,approved,default_channel,https://amzn.to/42YiLK2
2026-05-08T22:17:28.255368,watch?v=ezlVRD8D40I,unknown,UNKNOWN,true,approved,default_channel,https://amzn.to/4uBBM0E
2026-05-08T22:33:55.275477,watch?v=CmxHLQi6o58,unknown,UNKNOWN,true,approved,default_channel,https://amzn.to/4df6ghY
2026-05-09T15:16:25.074963,watch?v=1HSg3Ce_F3I,unknown,unknown,true,approved,default_channel,none
2026-05-09T15:44:49.976807,watch?v=goiRKj6SL7E,unknown,UNKNOWN,true,approved,default_channel,https://amzn.to/4whIk6e
2026-05-09T17:41:17.755248,watch?v=U5479txhQuE,unknown,UNKNOWN,true,approved,default_channel,https://amzn.to/48N1CXd
2026-05-09T22:57:17.682837,watch?v=MnbEhJj4x9c,unknown,unknown,true,approved,default_channel,none
2026-05-09T23:04:11.842136,watch?v=4wLgJOJHKIQ,unknown,UNKNOWN,true,approved,default_channel,https://amzn.to/4wlbNw8
2026-05-09T23:36:51.541538,watch?v=4d_St4mTY7g,unknown,UNKNOWN,true,approved,default_channel,https://amzn.to/4tobEW4
2026-05-10T05:23:38.400523,watch?v=e3tgf3k_4ig,unknown,UNKNOWN,true,approved,default_channel,https://amzn.to/4d6dQeE
2026-05-10T22:37:20.051053,watch?v=ZT7IILD8MW4,unknown,UNKNOWN,true,approved,default_channel,none
2026-05-11T21:24:16.469313,watch?v=fMiS0cJSCXY,unknown,UNKNOWN,true,approved,default_channel,https://amzn.to/4nn25Fz
2026-05-11T22:01:38.740069,watch?v=EDUaGG-7wrg,unknown,UNKNOWN,true,approved,default_channel,https://amzn.to/42vMIkB
2026-05-12T16:35:12.816325,watch?v=2jW9wOA5bOU,unknown,UNKNOWN,true,approved,default_channel,https://amzn.to/4tuHkJu
2026-05-12T21:07:35.816323,watch?v=ScmWWvJv888,unknown,UNKNOWN,true,approved,default_channel,https://amzn.to/4u8zcPS
2026-05-12T23:24:08.075996,watch?v=x3OMh2PUqI0,unknown,unknown,true,approved,default_channel,none
2026-05-12T23:49:13.209473,watch?v=D1lEsxnbo-s,unknown,UNKNOWN,true,approved,default_channel,https://amzn.to/3RinYtC
2026-05-13T01:22:00.738253,watch?v=rHcul6fCYq8,unknown,UNKNOWN,true,approved,default_channel,https://amzn.to/4dbFZRy
2026-05-13T01:44:39.456368,watch?v=uSzMUB5oDn0,unknown,UNKNOWN,true,approved,default_channel,https://amzn.to/4djZHut
2026-05-14T20:59:37.096590,watch?v=GtV30X0btWE,unknown,UNKNOWN,true,approved,default_channel,none
2026-05-14T22:37:51.069911,watch?v=zYJCgViHvag,unknown,UNKNOWN,true,approved,default_channel,https://amzn.to/4nsFiZ7
2026-05-15T03:47:16.409390,watch?v=xsVRtwXq0Kg,unknown,UNKNOWN,true,approved,default_channel,https://amzn.to/3P3lO0r
2026-05-15T13:57:09.250342,watch?v=v7pOV9uxlCY,unknown,UNKNOWN,true,approved,default_channel,https://amzn.to/4tDQXWj
2026-05-15T14:38:48.240305,watch?v=Rx130oNHXg0,unknown,UNKNOWN,true,approved,default_channel,https://amzn.to/492tPth
2026-05-15T14:57:58.912209,watch?v=cokfGlfwW18,unknown,unknown,true,approved,default_channel,none
2026-05-15T15:20:40.118767,watch?v=t6c6IiAHaaY,unknown,UNKNOWN,true,approved,default_channel,https://amzn.to/3RIKThO
2026-05-15T15:59:12.584196,watch?v=eYwnCgox9pc,unknown,UNKNOWN,true,approved,default_channel,https://amzn.to/4uh6CvZ
2026-05-16T05:39:17.919360,watch?v=HxhzS41kggs,unknown,UNKNOWN,true,approved,default_channel,https://amzn.to/42EqhJZ
2026-05-16T06:11:42.840156,watch?v=VaeRD3dmfog,unknown,UNKNOWN,true,approved,default_channel,https://amzn.to/4wwQVSL
2026-05-16T08:41:27.993163,watch?v=H3yupSlnhxg,unknown,UNKNOWN,true,approved,default_channel,https://amzn.to/4uRRncO
2026-05-17T13:12:58.053564,watch?v=2rZY83THb94,unknown,UNKNOWN,true,approved,default_channel,https://amzn.to/4fm4IFC
2026-05-17T13:40:29.716247,watch?v=C6V7jlQ5r-s,unknown,unknown,true,approved,default_channel,none
2026-05-17T13:56:27.819233,watch?v=XH3vlnxrG2I,unknown,UNKNOWN,true,approved,default_channel,https://amzn.to/4dNhDix
2026-05-17T14:25:11.160937,watch?v=6fQaBiUp6rw,unknown,UNKNOWN,true,approved,default_channel,https://amzn.to/42G72je
2026-05-17T14:50:28.621419,watch?v=6lE9n29xWvM,unknown,UNKNOWN,true,approved,default_channel,https://amzn.to/4uchUBr
2026-05-17T15:28:55.618055,watch?v=_vwsyJVbO4w,unknown,UNKNOWN,true,approved,default_channel,https://amzn.to/4nCaCET
2026-05-17T17:33:33.156803,watch?v=FuikVUuk7_U,unknown,UNKNOWN,true,approved,default_channel,https://amzn.to/3Reh2hb
2026-05-17T21:12:55.272099,watch?v=sS-RaKpmtY0,unknown,UNKNOWN,true,approved,default_channel,https://amzn.to/4dhOOuG
2026-05-17T23:56:01.148493,watch?v=NekPh4Z8Fis,unknown,UNKNOWN,true,approved,default_channel,https://amzn.to/4tLlamv
2026-05-18T01:17:17.635577,watch?v=UakqSlaTE9Q,unknown,UNKNOWN,true,approved,default_channel,https://amzn.to/4udSfID
2026-05-18T04:09:54.084391,watch?v=KqlvF1v2p5A,unknown,UNKNOWN,true,approved,default_channel,none
2026-05-18T16:59:45.004809,watch?v=9ZKTPSbS_t8,unknown,UNKNOWN,true,approved,default_channel,https://amzn.to/3Psca7G
2026-05-18T17:51:27.552379,watch?v=WAjx-R75gWY,unknown,UNKNOWN,true,approved,default_channel,none
2026-05-19T01:13:34.309841,watch?v=WjrFkJ8rv8s,unknown,UNKNOWN,true,approved,default_channel,https://amzn.to/4ulAXJV
2026-05-19T17:00:20.761160,watch?v=11SN0yN0L-o,unknown,UNKNOWN,true,approved,default_channel,https://amzn.to/4nNAvS3
2026-05-19T21:46:12.145951,watch?v=D1E2HtOoIqY,unknown,UNKNOWN,true,approved,default_channel,none
2026-05-20T05:25:07.748954,watch?v=kpBnT0IL6BQ,unknown,UNKNOWN,true,approved,default_channel,https://amzn.to/4wFXKBE
2026-05-20T09:17:06.803390,watch?v=3kauYp3D4VY,unknown,UNKNOWN,true,approved,default_channel,https://amzn.to/4dBENHq
2026-05-20T21:04:09.594793,watch?v=ypObXoqitMY,unknown,UNKNOWN,true,approved,default_channel,none
2026-05-20T21:39:00.837322,watch?v=F4w0l4-qVtI,unknown,UNKNOWN,true,approved,default_channel,https://amzn.to/4fyVndD
2026-05-20T21:59:25.610056,watch?v=lIEHKVCaD6U,unknown,UNKNOWN,true,approved,default_channel,https://amzn.to/4dwG5U5
2026-05-21T01:56:21.966518,watch?v=fMUx5WhCBfI,unknown,UNKNOWN,true,approved,default_channel,https://amzn.to/4v6Zcvn
